﻿Designator,Footprint,Quantity,Value,LCSC Part #
"C1, C21",0603,2,100nF,
"C10, C4",C_Elec_6.3x7.7,2,100uF,
"C11, C13, C30, C6, C8",0603,5,10uF,
C12,0603,1,150pF,
"C14, C16, C17, C18, C19, C20, C24, C27",0603,8,1uF,
C2,0805,1,10uF,
"C25, C26",0603,2,10pF,
"C28, C29",0603,2,2.2uF,
C3,0805,1,100nF,
C5,0603,1,22uF,
"C7, C9",0603,2,0.1uF,
D1,0603,1,RED,
D2,SS34_SMA,1,SS34,
"D3, D4, D5",0603,3,GREEN,
D6,0603,1,BLUE,
J1,AMASS_XT60IPW-M_1x03_P7.20mm_Horizontal,1,VH-3.96-HOR,
J2,USB_C_Receptacle_GCT_USB4105-xx-A_16P_TopMnt_Horizontal,1,USB_C_Receptacle_USB2.0_16P,
J4,JST_SH_SM04B-SRSS-TB_1x04-1MP_P1.00mm_Horizontal,1,RS485_1,
J5,JST_SH_SM04B-SRSS-TB_1x04-1MP_P1.00mm_Horizontal,1,RS485_2,
J6,JST_SH_SM04B-SRSS-TB_1x04-1MP_P1.00mm_Horizontal,1,Screw_Terminal_01x04,
J7,PinHeader_1x03_P2.54mm_Vertical,1,Screw_Terminal_01x03,
L1,L_7.3x7.3_H4.5,1,15uH,
Q1,TO-252-2,1,PMOS,
"Q2, Q3",SOT-23,2,PNP,
"R1, R3, R30, R31, R32, R8",0603,6,1k,
"R13, R14",0603,2,5k1,
"R15, R16, R17, R18, R21, R23, R24, R25, R26",0603,9,10k,
"R19, R20, R27, R28",0603,4,20k,
R2,0603,1,210k,
"R22, R29",0603,2,120,
"R4, R5, R9",0603,3,100k,
R6,0603,1,24.9k,
R7,0603,1,40.2k,
SW1,SW_Push_1TS009xxxx-xxxx-xxxx_6x6x5mm,1,~,
U1,SOT-223-3_TabPin2,1,AMS1117CD-3.3,
U2,MP1584EN,1,MP1584EN,
U3,SOT-23-6,1,USBLC6-2SC6,
"U4, U6",SOIC-8_3.9x4.9mm_P1.27mm,2,MAX485E,
U5,LQFP-100_14x14mm_P0.5mm,1,STM32F407VETx,
Y1,Crystal_SMD_5032-4Pin_5.0x3.2mm,1,25MHz,
